Date,Close,Open,High,Low,Volumn
2016-03-29 07:00:00+07:00,8.0,8.3,8.3,8.0,3202980
2016-03-30 07:00:00+07:00,8.1,8.0,8.2,8.0,2813820
2016-03-31 07:00:00+07:00,7.8,8.1,8.1,7.7,5684020
2016-04-01 07:00:00+07:00,7.7,7.8,7.9,7.6,3882560
2016-04-04 07:00:00+07:00,7.7,7.7,7.8,7.5,3164770
2016-04-05 07:00:00+07:00,7.8,7.6,7.8,7.5,2014150
2016-04-06 07:00:00+07:00,7.8,7.8,7.9,7.7,1757830
2016-04-07 07:00:00+07:00,7.7,7.8,7.9,7.6,1790190
2016-04-08 07:00:00+07:00,7.6,7.7,7.7,7.6,1747210
2016-04-11 07:00:00+07:00,7.4,7.6,7.7,7.4,3814640
2016-04-12 07:00:00+07:00,6.9,7.1,7.2,6.9,8947470
2016-04-13 07:00:00+07:00,6.7,6.5,6.9,6.5,8710280
2016-04-14 07:00:00+07:00,7.1,6.7,7.1,6.7,5745370
2016-04-15 07:00:00+07:00,6.9,7.2,7.2,6.9,2891620
2016-04-19 07:00:00+07:00,6.7,6.8,6.9,6.6,3314080
2016-04-20 07:00:00+07:00,6.7,6.7,6.8,6.6,2968590
2016-04-21 07:00:00+07:00,6.8,6.7,6.9,6.7,1657010
2016-04-22 07:00:00+07:00,7.0,6.8,7.0,6.7,2824490
2016-04-25 07:00:00+07:00,7.4,7.3,7.4,7.2,10176920
2016-04-26 07:00:00+07:00,7.9,7.7,7.9,7.6,7772800
2016-04-27 07:00:00+07:00,8.0,8.0,8.1,7.7,8241370
2016-04-28 07:00:00+07:00,7.9,7.9,8.0,7.7,5101910
2016-04-29 07:00:00+07:00,8.0,7.9,8.1,7.8,4477600
2016-05-04 07:00:00+07:00,7.5,7.9,7.9,7.5,6873730
2016-05-05 07:00:00+07:00,7.4,7.3,7.5,7.3,2929810
2016-05-06 07:00:00+07:00,7.5,7.4,7.6,7.3,1687740
2016-05-09 07:00:00+07:00,7.4,7.5,7.5,7.3,1542030
2016-05-10 07:00:00+07:00,7.4,7.3,7.4,7.2,1427350
2016-05-11 07:00:00+07:00,7.5,7.4,7.5,7.3,1166570
2016-05-12 07:00:00+07:00,7.5,7.5,7.6,7.4,981740
2016-05-13 07:00:00+07:00,7.4,7.4,7.5,7.2,1703520
2016-05-16 07:00:00+07:00,7.4,7.3,7.4,7.2,1401250
2016-05-17 07:00:00+07:00,7.9,7.9,7.9,7.9,1119020
2016-05-18 07:00:00+07:00,8.4,8.4,8.4,8.4,1737480
2016-05-19 07:00:00+07:00,8.3,8.9,8.9,8.2,11285110
2016-05-20 07:00:00+07:00,8.0,8.2,8.4,7.9,3915840
2016-05-23 07:00:00+07:00,8.1,8.0,8.2,8.0,1997660
2016-05-24 07:00:00+07:00,8.0,8.0,8.1,7.9,2065130
2016-05-25 07:00:00+07:00,8.0,8.0,8.1,7.9,1589400
2016-05-26 07:00:00+07:00,7.7,7.9,8.0,7.6,3365550
2016-05-27 07:00:00+07:00,7.9,7.7,8.1,7.7,3012680
2016-05-30 07:00:00+07:00,8.0,7.9,8.0,7.9,1090690
2016-05-31 07:00:00+07:00,7.8,8.0,8.0,7.7,2040730
2016-06-01 07:00:00+07:00,7.9,7.8,7.9,7.6,3666060
2016-06-02 07:00:00+07:00,8.1,7.9,8.2,7.7,6020970
2016-06-03 07:00:00+07:00,8.1,8.0,8.1,7.9,3540730
2016-06-06 07:00:00+07:00,8.0,8.0,8.2,7.9,3517940
2016-06-07 07:00:00+07:00,8.0,8.0,8.0,7.9,2146950
2016-06-08 07:00:00+07:00,8.1,8.1,8.2,8.0,3552650
2016-06-09 07:00:00+07:00,8.1,8.1,8.2,8.0,1966340
2016-06-10 07:00:00+07:00,7.9,8.1,8.1,7.9,3205960
2016-06-13 07:00:00+07:00,7.7,7.8,7.9,7.7,3693870
2016-06-14 07:00:00+07:00,7.8,7.7,7.9,7.6,3054870
2016-06-15 07:00:00+07:00,7.9,7.8,7.9,7.7,2812790
2016-06-16 07:00:00+07:00,7.8,7.9,8.0,7.8,2145250
2016-06-17 07:00:00+07:00,7.6,7.8,7.9,7.6,4503340
2016-06-20 07:00:00+07:00,7.6,7.6,7.8,7.6,1657960
2016-06-21 07:00:00+07:00,7.6,7.7,7.8,7.5,2195700
2016-06-22 07:00:00+07:00,7.6,7.6,7.7,7.4,2736810
2016-06-23 07:00:00+07:00,7.7,7.6,7.8,7.5,2435040
2016-06-24 07:00:00+07:00,7.4,7.7,7.7,7.2,6187740
2016-06-27 07:00:00+07:00,7.1,7.3,7.3,7.0,3386570
2016-06-28 07:00:00+07:00,7.1,7.1,7.3,7.0,1738700
2016-06-29 07:00:00+07:00,7.3,7.2,7.4,7.1,1687080
2016-06-30 07:00:00+07:00,7.3,7.3,7.4,7.2,2227430
2016-07-01 07:00:00+07:00,7.4,7.3,7.4,7.3,1897320
2016-07-04 07:00:00+07:00,7.5,7.4,7.5,7.3,2584280
2016-07-05 07:00:00+07:00,7.3,7.5,7.5,7.3,2119640
2016-07-06 07:00:00+07:00,7.3,7.3,7.4,7.2,1733610
2016-07-07 07:00:00+07:00,7.2,7.2,7.3,7.1,2621310
2016-07-08 07:00:00+07:00,7.1,7.2,7.2,7.0,2233600
2016-07-11 07:00:00+07:00,6.8,7.1,7.1,6.8,5116800
2016-07-12 07:00:00+07:00,6.8,6.8,6.9,6.7,1907530
2016-07-13 07:00:00+07:00,6.9,6.8,7.0,6.8,2589700
2016-07-14 07:00:00+07:00,6.7,6.9,6.9,6.7,3078360
2016-07-15 07:00:00+07:00,6.7,6.8,6.8,6.6,2649000
2016-07-18 07:00:00+07:00,6.9,6.7,7.0,6.6,2334740
2016-07-19 07:00:00+07:00,6.8,7.0,7.0,6.7,1750430
2016-07-20 07:00:00+07:00,6.7,6.8,6.8,6.6,2312210
2016-07-21 07:00:00+07:00,6.6,6.7,6.8,6.6,1245080
2016-07-22 07:00:00+07:00,6.4,6.6,6.7,6.3,3767990
2016-07-25 07:00:00+07:00,6.8,6.5,6.8,6.4,3705900
2016-07-26 07:00:00+07:00,6.7,6.9,7.0,6.6,1703880
2016-07-27 07:00:00+07:00,6.6,6.7,6.7,6.6,1235210
2016-07-28 07:00:00+07:00,6.4,6.6,6.6,6.4,2360830
2016-07-29 07:00:00+07:00,6.4,6.4,6.5,6.3,2000470
2016-08-01 07:00:00+07:00,6.3,6.5,6.5,6.3,1401530
2016-08-02 07:00:00+07:00,6.1,6.3,6.4,6.0,4478310
2016-08-03 07:00:00+07:00,5.8,6.1,6.1,5.8,2830270
2016-08-04 07:00:00+07:00,5.4,5.8,6.0,5.4,6599000
2016-08-05 07:00:00+07:00,5.1,5.3,5.4,5.1,7440500
2016-08-08 07:00:00+07:00,5.3,5.0,5.4,5.0,3711690
2016-08-09 07:00:00+07:00,5.6,5.3,5.6,5.3,2969100
2016-08-10 07:00:00+07:00,5.9,5.8,5.9,5.7,5008030
2016-08-11 07:00:00+07:00,6.3,6.1,6.3,6.1,6947430
2016-08-12 07:00:00+07:00,6.5,6.5,6.6,6.2,5955890
2016-08-15 07:00:00+07:00,6.9,6.9,6.9,6.7,11493250
2016-08-16 07:00:00+07:00,6.8,7.1,7.1,6.6,5584310
2016-08-17 07:00:00+07:00,6.4,6.6,6.6,6.4,4204460
2016-08-18 07:00:00+07:00,6.0,6.0,6.2,6.0,6331690
2016-08-19 07:00:00+07:00,6.4,6.1,6.4,6.1,2669880
2016-08-22 07:00:00+07:00,6.3,6.0,6.6,6.0,12521060
2016-08-23 07:00:00+07:00,6.3,6.2,6.3,6.1,2852950
2016-08-24 07:00:00+07:00,6.2,6.2,6.4,6.1,2606330
2016-08-25 07:00:00+07:00,6.0,6.1,6.2,5.9,4585240
2016-08-26 07:00:00+07:00,6.4,6.2,6.4,6.1,6336450
2016-08-29 07:00:00+07:00,6.3,6.6,6.7,6.3,5454980
2016-08-30 07:00:00+07:00,6.3,6.2,6.4,6.1,2217250
2016-08-31 07:00:00+07:00,6.3,6.2,6.3,6.1,2186620
2016-09-01 07:00:00+07:00,6.0,6.2,6.2,5.9,3871050
2016-09-05 07:00:00+07:00,5.6,5.9,6.0,5.6,6125190
2016-09-06 07:00:00+07:00,5.8,5.6,5.8,5.5,1832070
2016-09-07 07:00:00+07:00,5.7,5.8,5.8,5.5,1608130
2016-09-08 07:00:00+07:00,5.7,5.6,5.8,5.5,2700010
2016-09-09 07:00:00+07:00,5.6,5.7,5.7,5.5,3204350
2016-09-12 07:00:00+07:00,5.4,5.6,5.6,5.4,1799810
2016-09-13 07:00:00+07:00,5.2,5.4,5.48,5.11,2168850
2016-09-14 07:00:00+07:00,5.2,5.1,5.39,5.09,2633750
2016-09-15 07:00:00+07:00,5.3,5.2,5.56,5.17,3278870
2016-09-16 07:00:00+07:00,4.93,5.3,5.45,4.93,7940000
2016-09-19 07:00:00+07:00,5.01,5.0,5.1,4.93,3243530
2016-09-20 07:00:00+07:00,5.07,5.1,5.1,5.01,2105870
2016-09-21 07:00:00+07:00,5.13,5.07,5.2,5.0,1954430
2016-09-22 07:00:00+07:00,5.14,5.13,5.15,5.1,1829160
2016-09-23 07:00:00+07:00,5.13,5.14,5.14,5.05,1740840
2016-09-26 07:00:00+07:00,5.15,5.08,5.15,5.08,1590570
2016-09-27 07:00:00+07:00,5.28,5.2,5.31,5.19,5669550
2016-09-28 07:00:00+07:00,5.31,5.32,5.48,5.31,4257110
2016-09-29 07:00:00+07:00,5.25,5.35,5.39,5.25,2237090
2016-09-30 07:00:00+07:00,5.25,5.19,5.25,5.15,2426770
2016-10-03 07:00:00+07:00,5.21,5.25,5.25,5.17,2095220
2016-10-04 07:00:00+07:00,5.15,5.21,5.25,5.15,1005330
2016-10-05 07:00:00+07:00,5.11,5.2,5.2,5.11,1458170
2016-10-06 07:00:00+07:00,5.14,5.11,5.26,5.11,2016520
2016-10-07 07:00:00+07:00,5.13,5.14,5.16,5.12,1278320
2016-10-10 07:00:00+07:00,5.13,5.13,5.13,5.09,1645480
2016-10-11 07:00:00+07:00,5.1,5.12,5.13,5.02,2184100
2016-10-12 07:00:00+07:00,5.16,5.09,5.39,5.07,2721620
2016-10-13 07:00:00+07:00,5.27,5.28,5.29,5.16,2433650
2016-10-14 07:00:00+07:00,5.63,5.27,5.63,5.27,5596060
2016-10-17 07:00:00+07:00,5.63,5.94,5.95,5.63,5485420
2016-10-18 07:00:00+07:00,5.39,5.6,5.63,5.39,3410150
2016-10-19 07:00:00+07:00,5.35,5.4,5.49,5.3,3110280
2016-10-20 07:00:00+07:00,5.35,5.35,5.4,5.3,2622970
2016-10-21 07:00:00+07:00,5.3,5.32,5.36,5.3,1810550
2016-10-24 07:00:00+07:00,5.27,5.21,5.4,5.21,2352700
2016-10-25 07:00:00+07:00,5.3,5.25,5.3,5.21,1680600
2016-10-26 07:00:00+07:00,5.25,5.25,5.32,5.23,1397520
2016-10-27 07:00:00+07:00,5.24,5.25,5.27,5.22,1054680
2016-10-28 07:00:00+07:00,5.37,5.24,5.54,5.24,2394100
2016-10-31 07:00:00+07:00,5.2,5.3,5.35,5.2,1639610
2016-11-01 07:00:00+07:00,5.1,5.1,5.19,5.1,1988560
2016-11-02 07:00:00+07:00,5.17,5.2,5.26,5.17,3010330
2016-11-03 07:00:00+07:00,5.12,5.17,5.18,5.1,1415600
2016-11-04 07:00:00+07:00,5.12,5.12,5.16,5.1,1041810
2016-11-07 07:00:00+07:00,5.13,5.1,5.19,5.1,1075960
2016-11-08 07:00:00+07:00,5.16,5.24,5.24,5.16,852980
2016-11-09 07:00:00+07:00,5.13,5.15,5.17,4.95,2594230
2016-11-10 07:00:00+07:00,5.34,5.13,5.45,5.13,3172890
2016-11-11 07:00:00+07:00,5.5,5.34,5.59,5.34,5126090
2016-11-14 07:00:00+07:00,5.36,5.52,5.52,5.36,2735820
2016-11-15 07:00:00+07:00,5.36,5.36,5.45,5.35,2675960
2016-11-16 07:00:00+07:00,5.73,5.48,5.73,5.47,3593650
2016-11-17 07:00:00+07:00,5.8,5.9,6.07,5.8,9145390
2016-11-18 07:00:00+07:00,5.7,5.72,5.8,5.68,4744200
2016-11-21 07:00:00+07:00,6.04,5.85,6.05,5.8,6575730
2016-11-22 07:00:00+07:00,6.23,6.23,6.3,6.17,6226540
2016-11-23 07:00:00+07:00,6.2,6.2,6.24,6.11,4297110
2016-11-24 07:00:00+07:00,6.45,6.4,6.58,6.36,8228010
2016-11-25 07:00:00+07:00,6.33,6.46,6.48,6.26,4261980
2016-11-28 07:00:00+07:00,6.22,6.25,6.3,6.18,4249280
2016-11-29 07:00:00+07:00,6.21,6.22,6.3,6.21,3667750
2016-11-30 07:00:00+07:00,5.91,6.2,6.21,5.9,4697150
2016-12-01 07:00:00+07:00,5.9,6.12,6.12,5.9,1940000
2016-12-02 07:00:00+07:00,5.65,5.83,5.89,5.5,4123630
2016-12-05 07:00:00+07:00,5.65,5.74,5.77,5.62,1854570
2016-12-06 07:00:00+07:00,5.52,5.65,5.65,5.44,2434300
2016-12-07 07:00:00+07:00,5.52,5.4,5.53,5.4,1822070
2016-12-08 07:00:00+07:00,5.56,5.6,5.72,5.53,1479360
2016-12-09 07:00:00+07:00,5.53,5.6,5.63,5.51,1142420
2016-12-12 07:00:00+07:00,5.58,5.63,5.74,5.55,3270300
2016-12-13 07:00:00+07:00,5.4,5.59,5.59,5.39,3006180
2016-12-14 07:00:00+07:00,5.75,5.55,5.75,5.4,4855980
2016-12-15 07:00:00+07:00,5.73,5.8,5.86,5.69,3941630
2016-12-16 07:00:00+07:00,5.78,5.73,5.82,5.7,4125710
2016-12-19 07:00:00+07:00,5.9,5.94,5.94,5.86,4278360
2016-12-20 07:00:00+07:00,5.64,5.8,5.85,5.64,2186990
2016-12-21 07:00:00+07:00,5.61,5.64,5.7,5.6,2012370
2016-12-22 07:00:00+07:00,5.53,5.67,5.67,5.35,2684490
2016-12-23 07:00:00+07:00,5.51,5.5,5.53,5.47,1765740
2016-12-26 07:00:00+07:00,5.46,5.55,5.58,5.44,1360730
2016-12-27 07:00:00+07:00,5.35,5.41,5.45,5.35,1963380
2016-12-28 07:00:00+07:00,5.36,5.45,5.52,5.34,3250800
2016-12-29 07:00:00+07:00,5.36,5.46,5.46,5.32,1823120
2016-12-30 07:00:00+07:00,5.35,5.4,5.55,5.35,3657860
2017-01-03 07:00:00+07:00,5.35,5.38,5.42,5.34,1851690
2017-01-04 07:00:00+07:00,5.5,5.44,5.68,5.42,5368690
2017-01-05 07:00:00+07:00,5.4,5.57,5.57,5.39,3569320
2017-01-06 07:00:00+07:00,5.36,5.39,5.47,5.36,3207810
2017-01-09 07:00:00+07:00,5.23,5.36,5.38,5.23,5857400
2017-01-10 07:00:00+07:00,5.22,5.23,5.3,5.18,3990980
2017-01-11 07:00:00+07:00,5.18,5.26,5.35,5.17,5057230
2017-01-12 07:00:00+07:00,5.21,5.18,5.24,4.9,14422530
2017-01-13 07:00:00+07:00,5.08,5.1,5.19,5.08,2589830
2017-01-16 07:00:00+07:00,5.08,5.1,5.17,5.08,1658020
2017-01-17 07:00:00+07:00,5.06,5.08,5.09,5.05,1845760
2017-01-18 07:00:00+07:00,4.96,5.05,5.06,4.96,2851300
2017-01-19 07:00:00+07:00,4.97,4.96,5.01,4.95,1890620
2017-01-20 07:00:00+07:00,5.09,4.96,5.12,4.96,2373950
2017-01-23 07:00:00+07:00,5.42,5.19,5.43,5.14,5106100
2017-01-24 07:00:00+07:00,5.79,5.45,5.79,5.45,9260420
2017-01-25 07:00:00+07:00,5.6,5.9,5.9,5.57,6528410
2017-02-02 07:00:00+07:00,5.99,5.77,5.99,5.72,10502750
2017-02-03 07:00:00+07:00,5.84,6.0,6.1,5.8,4919680
2017-02-06 07:00:00+07:00,5.92,5.82,5.92,5.75,3966390
2017-02-07 07:00:00+07:00,6.09,5.91,6.19,5.91,5749110
2017-02-08 07:00:00+07:00,6.16,6.09,6.25,6.09,6480270
2017-02-09 07:00:00+07:00,5.95,6.16,6.24,5.95,8571860
2017-02-10 07:00:00+07:00,6.06,5.91,6.14,5.78,6678270
2017-02-13 07:00:00+07:00,6.24,6.06,6.37,6.06,9857340
2017-02-14 07:00:00+07:00,6.52,6.54,6.67,6.5,10838480
2017-02-15 07:00:00+07:00,6.8,6.52,6.94,6.51,10279310
2017-02-16 07:00:00+07:00,7.05,6.89,7.27,6.8,20799850
2017-02-17 07:00:00+07:00,7.24,7.0,7.24,6.95,10523050
2017-02-20 07:00:00+07:00,7.74,7.23,7.74,7.18,14359630
2017-02-21 07:00:00+07:00,8.2,7.98,8.28,7.9,11601030
2017-02-22 07:00:00+07:00,8.12,8.19,8.26,8.0,11554640
2017-02-23 07:00:00+07:00,8.14,8.12,8.49,8.08,10581640
2017-02-24 07:00:00+07:00,7.58,8.14,8.24,7.58,14276120
2017-02-27 07:00:00+07:00,8.11,7.52,8.11,7.35,13478380
2017-02-28 07:00:00+07:00,8.18,8.3,8.45,8.13,6526970
2017-03-01 07:00:00+07:00,8.15,8.0,8.25,7.93,8019810
2017-03-02 07:00:00+07:00,7.91,8.15,8.21,7.91,6005780
2017-03-03 07:00:00+07:00,8.05,7.81,8.05,7.67,4609120
2017-03-06 07:00:00+07:00,8.07,8.15,8.2,8.07,6012090
2017-03-07 07:00:00+07:00,8.01,8.07,8.08,7.99,3862500
2017-03-08 07:00:00+07:00,8.04,8.0,8.13,7.88,6173590
2017-03-09 07:00:00+07:00,8.3,8.04,8.49,8.01,11300070
2017-03-10 07:00:00+07:00,8.34,8.3,8.49,8.27,5736950
2017-03-13 07:00:00+07:00,8.21,8.34,8.34,8.17,4223710
2017-03-14 07:00:00+07:00,8.23,8.18,8.3,8.15,3218070
2017-03-15 07:00:00+07:00,8.29,8.21,8.32,8.2,5546140
2017-03-16 07:00:00+07:00,8.87,8.31,8.87,8.3,23174050
2017-03-17 07:00:00+07:00,9.1,9.15,9.29,9.0,12658110
2017-03-20 07:00:00+07:00,9.11,9.2,9.33,9.11,5867750
2017-03-21 07:00:00+07:00,9.32,9.1,9.35,9.01,7903750
2017-03-22 07:00:00+07:00,9.68,9.45,9.97,9.4,14881690
2017-03-23 07:00:00+07:00,10.1,9.7,10.25,9.68,10651430
2017-03-24 07:00:00+07:00,9.9,10.1,10.35,9.7,12781710
2017-03-27 07:00:00+07:00,9.9,9.65,10.1,9.5,13170060
2017-03-28 07:00:00+07:00,9.65,9.9,9.9,9.58,15339550
2017-03-29 07:00:00+07:00,9.2,9.6,9.65,8.98,15565760
2017-03-30 07:00:00+07:00,9.06,9.1,9.4,8.88,8209570
2017-03-31 07:00:00+07:00,9.15,9.01,9.19,9.01,4302230
2017-04-03 07:00:00+07:00,9.05,9.17,9.18,9.02,3395000
2017-04-04 07:00:00+07:00,9.6,9.05,9.65,9.05,5938100
2017-04-05 07:00:00+07:00,9.35,9.6,9.68,9.35,5088770
2017-04-07 07:00:00+07:00,9.25,9.4,9.4,9.2,2341840
2017-04-10 07:00:00+07:00,9.19,9.23,9.39,9.19,2994200
2017-04-11 07:00:00+07:00,9.14,9.3,9.42,9.14,6047770
2017-04-12 07:00:00+07:00,8.6,9.11,9.14,8.51,12339650
2017-04-13 07:00:00+07:00,8.6,8.61,8.79,8.5,5466800
2017-04-14 07:00:00+07:00,8.2,8.6,8.6,8.2,8017950
2017-04-17 07:00:00+07:00,8.12,8.2,8.44,8.12,5032820
2017-04-18 07:00:00+07:00,8.05,8.12,8.15,7.85,5662700
2017-04-19 07:00:00+07:00,8.07,8.02,8.28,8.0,4876320
2017-04-20 07:00:00+07:00,8.16,8.07,8.24,8.04,2516930
2017-04-21 07:00:00+07:00,8.29,8.16,8.35,8.1,3644360
2017-04-24 07:00:00+07:00,8.68,8.3,8.85,8.3,6795740
2017-04-25 07:00:00+07:00,8.53,8.75,8.77,8.51,3265580
2017-04-26 07:00:00+07:00,8.79,8.55,8.79,8.54,3841330
2017-04-27 07:00:00+07:00,8.71,8.81,8.9,8.7,2559530
2017-04-28 07:00:00+07:00,8.65,8.61,8.71,8.58,3879510
2017-05-03 07:00:00+07:00,9.0,8.61,9.0,8.48,4319060
2017-05-04 07:00:00+07:00,9.42,9.18,9.57,9.15,11578700
2017-05-05 07:00:00+07:00,9.1,9.5,9.54,9.1,9480990
2017-05-08 07:00:00+07:00,8.5,9.05,9.06,8.47,16512990
2017-05-09 07:00:00+07:00,8.9,8.4,8.95,8.2,7103240
2017-05-10 07:00:00+07:00,8.69,8.8,9.01,8.69,4975240
2017-05-11 07:00:00+07:00,8.52,8.6,8.64,8.5,3125050
2017-05-12 07:00:00+07:00,8.66,8.59,8.76,8.58,3034880
2017-05-15 07:00:00+07:00,8.81,8.75,8.89,8.69,4375690
2017-05-16 07:00:00+07:00,8.94,8.89,9.18,8.89,7620970
2017-05-17 07:00:00+07:00,8.96,8.95,9.07,8.8,2956620
2017-05-18 07:00:00+07:00,8.8,9.0,9.0,8.78,3721730
2017-05-19 07:00:00+07:00,9.0,8.87,9.0,8.78,3575100
2017-05-22 07:00:00+07:00,9.05,9.4,9.4,9.05,6534910
2017-05-23 07:00:00+07:00,8.9,9.0,9.1,8.8,3644730
2017-05-24 07:00:00+07:00,8.83,8.9,9.01,8.78,3341060
2017-05-25 07:00:00+07:00,8.8,8.88,8.95,8.75,3751880
2017-05-26 07:00:00+07:00,9.0,8.8,9.0,8.77,4262550
2017-05-29 07:00:00+07:00,9.08,9.03,9.29,9.03,5461420
2017-05-30 07:00:00+07:00,8.82,9.08,9.1,8.81,3981530
2017-05-31 07:00:00+07:00,8.7,8.82,8.9,8.7,2931430
2017-06-01 07:00:00+07:00,8.8,8.72,8.8,8.7,2807450
2017-06-02 07:00:00+07:00,8.92,8.8,8.95,8.75,1639610
2017-06-05 07:00:00+07:00,8.3,8.6,8.7,8.3,11312810
2017-06-06 07:00:00+07:00,8.58,8.3,8.58,8.23,3402260
2017-06-07 07:00:00+07:00,8.57,8.69,8.69,8.57,2518700
2017-06-08 07:00:00+07:00,8.22,8.5,8.55,8.2,3755850
2017-06-09 07:00:00+07:00,8.22,8.22,8.4,8.06,3959970
2017-06-12 07:00:00+07:00,8.36,8.25,8.4,8.2,1156860
2017-06-13 07:00:00+07:00,8.55,8.4,8.59,8.4,3229370
2017-06-14 07:00:00+07:00,9.14,8.75,9.14,8.71,11198780
2017-06-15 07:00:00+07:00,9.05,9.29,9.45,8.95,9161520
2017-06-16 07:00:00+07:00,9.17,9.1,9.25,9.01,14796160
2017-06-19 07:00:00+07:00,9.05,9.4,9.4,9.02,4811100
2017-06-20 07:00:00+07:00,9.06,9.05,9.07,8.99,2843240
2017-06-21 07:00:00+07:00,9.15,9.2,9.2,9.05,6513370
2017-06-22 07:00:00+07:00,9.56,9.25,9.68,9.18,7812240
2017-06-23 07:00:00+07:00,9.78,9.6,9.87,9.6,6292590
2017-06-26 07:00:00+07:00,9.7,9.8,9.85,9.65,5186510
2017-06-27 07:00:00+07:00,9.35,9.66,9.69,9.35,6767330
2017-06-28 07:00:00+07:00,9.49,9.3,9.49,9.25,2389630
2017-06-29 07:00:00+07:00,9.6,9.59,9.64,9.51,3480580
2017-06-30 07:00:00+07:00,9.48,9.6,9.76,9.4,5808310
2017-07-03 07:00:00+07:00,9.1,9.49,9.5,9.02,7034190
2017-07-04 07:00:00+07:00,9.22,9.1,9.22,9.02,3841200
2017-07-05 07:00:00+07:00,9.18,9.17,9.22,9.08,2522850
2017-07-06 07:00:00+07:00,9.1,9.18,9.18,9.09,2703780
2017-07-07 07:00:00+07:00,9.0,9.07,9.1,9.0,3426560
2017-07-10 07:00:00+07:00,8.8,8.99,8.99,8.72,3777640
2017-07-11 07:00:00+07:00,9.2,8.8,9.2,8.72,5874550
2017-07-12 07:00:00+07:00,9.25,9.3,9.43,9.21,6394260
2017-07-13 07:00:00+07:00,9.56,9.25,9.7,9.2,9281360
2017-07-14 07:00:00+07:00,9.4,9.65,9.7,9.36,5130090
2017-07-17 07:00:00+07:00,9.22,9.4,9.4,9.17,3062740
2017-07-18 07:00:00+07:00,9.07,9.01,9.18,8.9,3083050
2017-07-19 07:00:00+07:00,9.08,9.1,9.18,9.07,2200310
2017-07-20 07:00:00+07:00,9.1,9.08,9.18,9.05,2618460
2017-07-21 07:00:00+07:00,9.01,9.15,9.17,9.01,2636140
2017-07-24 07:00:00+07:00,8.99,9.01,9.03,8.85,2461200
2017-07-25 07:00:00+07:00,8.98,8.9,9.0,8.87,2070390
2017-07-26 07:00:00+07:00,9.1,8.98,9.12,8.98,2376450
2017-07-27 07:00:00+07:00,9.07,9.1,9.19,9.04,2081140
2017-07-28 07:00:00+07:00,9.2,9.07,9.39,9.07,2309910
2017-07-31 07:00:00+07:00,9.41,9.3,9.52,9.2,7126850
2017-08-01 07:00:00+07:00,9.45,9.68,9.8,9.42,7783470
2017-08-02 07:00:00+07:00,9.25,9.45,9.5,9.22,4001290
2017-08-03 07:00:00+07:00,9.22,9.2,9.34,9.15,3999360
2017-08-04 07:00:00+07:00,9.13,9.23,9.25,9.1,3037260
2017-08-07 07:00:00+07:00,9.15,9.27,9.27,9.11,2302720
2017-08-08 07:00:00+07:00,9.08,9.15,9.18,9.08,3441420
2017-08-09 07:00:00+07:00,8.99,9.1,9.1,8.9,5320020
2017-08-10 07:00:00+07:00,8.95,8.97,9.09,8.9,3000580
2017-08-11 07:00:00+07:00,8.8,8.95,8.95,8.78,3660700
2017-08-14 07:00:00+07:00,8.9,8.8,8.9,8.74,2534270
2017-08-15 07:00:00+07:00,8.9,8.94,8.94,8.81,1577250
2017-08-16 07:00:00+07:00,8.89,8.9,8.9,8.83,2408320
2017-08-17 07:00:00+07:00,8.4,8.83,8.9,8.4,5593250
2017-08-18 07:00:00+07:00,8.4,8.2,8.4,8.06,2897140
2017-08-21 07:00:00+07:00,8.6,8.7,8.78,8.6,2456970
2017-08-22 07:00:00+07:00,8.52,8.52,8.6,8.47,1412460
2017-08-23 07:00:00+07:00,8.35,8.4,8.51,8.35,1521330
2017-08-24 07:00:00+07:00,8.45,8.4,8.55,8.32,2285770
2017-08-25 07:00:00+07:00,8.48,8.5,8.55,8.4,1538150
2017-08-28 07:00:00+07:00,8.4,8.48,8.48,8.4,2618900
2017-08-29 07:00:00+07:00,8.59,8.4,8.67,8.4,3274570
2017-08-30 07:00:00+07:00,8.59,8.59,8.6,8.48,1663690
2017-08-31 07:00:00+07:00,8.49,8.5,8.58,8.49,1110980
2017-09-01 07:00:00+07:00,8.42,8.5,8.5,8.4,1264320
2017-09-05 07:00:00+07:00,8.39,8.48,8.48,8.38,1166930
2017-09-06 07:00:00+07:00,8.31,8.47,8.47,8.3,2132400
2017-09-07 07:00:00+07:00,8.42,8.31,8.42,8.3,1591900
2017-09-08 07:00:00+07:00,8.41,8.41,8.5,8.37,2193610
2017-09-11 07:00:00+07:00,8.32,8.41,8.41,8.29,1383140
2017-09-12 07:00:00+07:00,8.26,8.3,8.31,8.19,2433450
2017-09-13 07:00:00+07:00,8.31,8.26,8.43,8.16,3729560
2017-09-14 07:00:00+07:00,8.35,8.4,8.46,8.32,2135520
2017-09-15 07:00:00+07:00,8.37,8.35,8.37,8.29,1661290
2017-09-18 07:00:00+07:00,8.33,8.34,8.4,8.3,1577030
2017-09-19 07:00:00+07:00,8.28,8.31,8.34,8.28,1504680
2017-09-20 07:00:00+07:00,8.35,8.3,8.55,8.29,3224870
2017-09-21 07:00:00+07:00,8.4,8.4,8.47,8.36,1181000
2017-09-22 07:00:00+07:00,8.4,8.41,8.5,8.37,3176190
2017-09-25 07:00:00+07:00,8.36,8.47,8.47,8.36,1111850
2017-09-26 07:00:00+07:00,8.8,8.42,8.85,8.42,5913580
2017-09-27 07:00:00+07:00,8.69,8.82,8.96,8.69,3470100
2017-09-28 07:00:00+07:00,8.53,8.7,8.79,8.5,2768340
2017-09-29 07:00:00+07:00,8.4,8.49,8.53,8.4,2426080
2017-10-02 07:00:00+07:00,8.35,8.4,8.43,8.33,1812200
2017-10-03 07:00:00+07:00,8.25,8.35,8.4,8.2,1851770
2017-10-04 07:00:00+07:00,8.38,8.25,8.38,8.25,807790
2017-10-05 07:00:00+07:00,8.3,8.38,8.44,8.29,1182910
2017-10-06 07:00:00+07:00,8.29,8.33,8.36,8.28,1045360
2017-10-09 07:00:00+07:00,8.34,8.29,8.38,8.28,1468590
2017-10-10 07:00:00+07:00,8.31,8.34,8.35,8.26,1098650
2017-10-11 07:00:00+07:00,8.32,8.31,8.38,8.3,1166990
2017-10-12 07:00:00+07:00,8.27,8.31,8.32,8.27,1167660
2017-10-13 07:00:00+07:00,8.28,8.27,8.31,8.26,1000950
2017-10-16 07:00:00+07:00,8.33,8.28,8.37,8.28,1956940
2017-10-17 07:00:00+07:00,8.29,8.33,8.35,8.26,1298850
2017-10-18 07:00:00+07:00,8.18,8.29,8.29,8.18,2039270
2017-10-19 07:00:00+07:00,8.18,8.18,8.25,8.16,1807540
2017-10-20 07:00:00+07:00,8.1,8.18,8.19,8.08,1715080
2017-10-23 07:00:00+07:00,7.74,8.08,8.09,7.74,3857150
2017-10-24 07:00:00+07:00,7.77,7.7,7.8,7.67,2137480
2017-10-25 07:00:00+07:00,7.91,7.8,8.1,7.8,2136850
2017-10-26 07:00:00+07:00,7.7,7.91,7.99,7.66,2437910
2017-10-27 07:00:00+07:00,7.55,7.7,7.7,7.41,3401070
2017-10-30 07:00:00+07:00,7.75,7.54,7.75,7.52,4835410
2017-10-31 07:00:00+07:00,8.02,7.66,8.11,7.66,8138180
2017-11-01 07:00:00+07:00,8.08,8.02,8.18,7.99,8659810
2017-11-02 07:00:00+07:00,7.52,8.01,8.05,7.52,2666650
2017-11-03 07:00:00+07:00,7.04,7.47,7.47,7.0,8980440
2017-11-06 07:00:00+07:00,7.29,7.03,7.38,7.03,4390780
2017-11-07 07:00:00+07:00,7.3,7.3,7.43,7.2,2290490
2017-11-08 07:00:00+07:00,7.32,7.25,7.32,7.18,2975850
2017-11-09 07:00:00+07:00,7.3,7.27,7.32,7.26,2430150
2017-11-10 07:00:00+07:00,7.44,7.29,7.45,7.27,3075140
2017-11-13 07:00:00+07:00,7.38,7.45,7.46,7.35,3760360
2017-11-14 07:00:00+07:00,7.22,7.37,7.38,7.2,2071660
2017-11-15 07:00:00+07:00,7.22,7.21,7.27,7.19,2609190
2017-11-16 07:00:00+07:00,7.72,7.25,7.72,7.21,3761460
2017-11-17 07:00:00+07:00,7.81,7.88,7.91,7.6,3738970
2017-11-20 07:00:00+07:00,7.67,7.7,7.8,7.6,1639260
2017-11-21 07:00:00+07:00,7.51,7.55,7.65,7.45,2466350
2017-11-22 07:00:00+07:00,7.52,7.48,7.6,7.39,2974710
2017-11-23 07:00:00+07:00,7.51,7.52,7.58,7.45,2906820
2017-11-24 07:00:00+07:00,7.69,7.53,7.69,7.5,4185400
2017-11-27 07:00:00+07:00,7.75,7.7,7.75,7.62,4422230
2017-11-28 07:00:00+07:00,7.82,7.76,7.86,7.74,6478190
2017-11-29 07:00:00+07:00,7.7,7.83,7.86,7.7,5637050
2017-11-30 07:00:00+07:00,7.73,7.7,7.75,7.67,3065590
2017-12-01 07:00:00+07:00,7.62,7.73,7.74,7.62,3070090
2017-12-04 07:00:00+07:00,7.51,7.64,7.69,7.48,3448690
2017-12-05 07:00:00+07:00,7.54,7.51,7.71,7.49,3914180
2017-12-06 07:00:00+07:00,7.7,7.54,7.71,7.52,3087050
2017-12-07 07:00:00+07:00,7.83,7.8,7.96,7.79,3624120
2017-12-08 07:00:00+07:00,7.73,7.83,7.83,7.7,1702740
2017-12-11 07:00:00+07:00,7.52,7.66,7.69,7.52,1728470
2017-12-12 07:00:00+07:00,7.31,7.52,7.62,7.2,3821560
2017-12-13 07:00:00+07:00,7.32,7.31,7.42,7.3,3014180
2017-12-14 07:00:00+07:00,7.38,7.33,7.41,7.31,1451220
2017-12-15 07:00:00+07:00,7.36,7.38,7.41,7.36,2074320
2017-12-18 07:00:00+07:00,7.72,7.8,7.8,7.65,5846790
2017-12-19 07:00:00+07:00,7.5,7.74,7.74,7.5,3739470
2017-12-20 07:00:00+07:00,7.51,7.5,7.61,7.5,2288590
2017-12-21 07:00:00+07:00,7.35,7.51,7.51,7.3,4754350
2017-12-22 07:00:00+07:00,7.41,7.33,7.46,7.31,1937940
2017-12-25 07:00:00+07:00,7.3,7.37,7.4,7.3,2227860
2017-12-26 07:00:00+07:00,7.4,7.3,7.41,7.3,4743140
2017-12-27 07:00:00+07:00,7.4,7.43,7.48,7.38,5461050
2017-12-28 07:00:00+07:00,7.45,7.35,7.45,7.35,3403920
2017-12-29 07:00:00+07:00,7.35,7.45,7.46,7.33,2334550
2018-01-02 07:00:00+07:00,7.25,7.35,7.38,7.23,3772880
2018-01-03 07:00:00+07:00,7.31,7.25,7.37,7.25,2259350
2018-01-04 07:00:00+07:00,7.46,7.37,7.58,7.33,3159020
2018-01-05 07:00:00+07:00,7.7,7.5,7.86,7.47,9814550
2018-01-08 07:00:00+07:00,7.67,7.72,7.83,7.61,6126900
2018-01-09 07:00:00+07:00,7.55,7.7,7.7,7.5,4198620
2018-01-10 07:00:00+07:00,7.63,7.46,7.63,7.36,5644240
2018-01-11 07:00:00+07:00,7.5,7.57,7.63,7.5,5436920
2018-01-12 07:00:00+07:00,7.5,7.5,7.65,7.5,4230050
2018-01-15 07:00:00+07:00,7.63,7.5,7.68,7.5,6033580
2018-01-16 07:00:00+07:00,8.16,7.64,8.16,7.6,23850270
2018-01-17 07:00:00+07:00,8.16,8.2,8.55,8.13,15121430
2018-01-18 07:00:00+07:00,8.3,8.0,8.38,8.0,9961100
2018-01-19 07:00:00+07:00,8.15,8.35,8.37,8.15,11002160
2018-01-22 07:00:00+07:00,7.94,8.19,8.28,7.8,10320100
2018-01-25 07:00:00+07:00,8.49,8.02,8.49,7.76,21580290
2018-01-26 07:00:00+07:00,8.4,8.6,8.73,8.39,12938950
2018-01-29 07:00:00+07:00,8.3,8.5,8.57,8.3,10795290
2018-01-30 07:00:00+07:00,8.09,8.25,8.3,8.0,13747520
2018-01-31 07:00:00+07:00,8.2,8.05,8.6,8.03,15495650
2018-02-01 07:00:00+07:00,8.05,8.2,8.3,8.05,7922570
2018-02-02 07:00:00+07:00,8.05,8.06,8.14,8.0,4200910
2018-02-05 07:00:00+07:00,7.49,8.01,8.01,7.49,15654040
2018-02-06 07:00:00+07:00,6.97,6.97,7.19,6.97,15787610
2018-02-07 07:00:00+07:00,7.11,7.3,7.33,7.02,5008000
2018-02-08 07:00:00+07:00,6.62,6.8,6.95,6.62,21212700
2018-02-09 07:00:00+07:00,6.5,6.16,6.6,6.16,12440370
2018-02-12 07:00:00+07:00,6.15,6.4,6.6,6.05,18148290
2018-02-13 07:00:00+07:00,6.5,6.3,6.5,6.14,9810120
2018-02-21 07:00:00+07:00,6.52,6.55,6.7,6.45,6366520
2018-02-22 07:00:00+07:00,6.3,6.49,6.49,6.21,5637230
2018-02-23 07:00:00+07:00,6.35,6.35,6.4,6.28,4558720
2018-02-26 07:00:00+07:00,6.2,6.35,6.4,6.18,7995330
2018-02-27 07:00:00+07:00,6.4,6.2,6.4,6.2,4544550
2018-02-28 07:00:00+07:00,6.22,6.35,6.36,6.19,4539740
2018-03-01 07:00:00+07:00,6.25,6.22,6.36,6.2,3635910
2018-03-02 07:00:00+07:00,6.29,6.23,6.3,6.19,2364580
2018-03-05 07:00:00+07:00,6.32,6.29,6.48,6.27,8483800
2018-03-06 07:00:00+07:00,6.76,6.35,6.76,6.35,10726610
2018-03-07 07:00:00+07:00,6.99,7.1,7.2,6.88,11548820
2018-03-08 07:00:00+07:00,6.91,7.0,7.15,6.84,7738140
2018-03-09 07:00:00+07:00,7.08,6.8,7.3,6.71,9803250
2018-03-12 07:00:00+07:00,7.09,7.2,7.2,7.08,4289660
2018-03-13 07:00:00+07:00,7.15,7.09,7.18,6.99,6561530
2018-03-14 07:00:00+07:00,7.41,7.11,7.53,7.1,10299700
2018-03-15 07:00:00+07:00,7.41,7.45,7.59,7.4,8259570
2018-03-16 07:00:00+07:00,7.28,7.36,7.51,7.26,7335120
2018-03-19 07:00:00+07:00,6.9,7.28,7.28,6.78,15828850
2018-03-20 07:00:00+07:00,6.94,6.82,7.04,6.8,3727100
2018-03-21 07:00:00+07:00,7.0,7.0,7.19,6.93,3292350
2018-03-22 07:00:00+07:00,7.19,7.0,7.25,7.0,5364600
2018-03-23 07:00:00+07:00,7.0,6.9,7.16,6.9,5952530
2018-03-26 07:00:00+07:00,6.96,7.09,7.09,6.93,2811920
2018-03-27 07:00:00+07:00,6.82,7.0,7.05,6.78,4874720
2018-03-28 07:00:00+07:00,6.7,6.82,6.82,6.68,3931930
2018-03-29 07:00:00+07:00,6.7,6.69,6.81,6.69,1812350
2018-03-30 07:00:00+07:00,6.61,6.71,6.75,6.61,3018810
2018-04-02 07:00:00+07:00,6.15,6.15,6.34,6.15,22763820
2018-04-03 07:00:00+07:00,6.43,6.01,6.43,6.01,10002370
2018-04-04 07:00:00+07:00,6.3,6.3,6.43,6.27,5497020
2018-04-05 07:00:00+07:00,6.25,6.22,6.3,6.16,5152650
2018-04-06 07:00:00+07:00,6.19,6.25,6.33,6.19,7068740
2018-04-09 07:00:00+07:00,6.05,6.2,6.23,6.02,7772420
2018-04-10 07:00:00+07:00,5.75,6.06,6.14,5.75,9786860
2018-04-11 07:00:00+07:00,5.43,5.8,5.83,5.4,7701040
2018-04-12 07:00:00+07:00,5.28,5.43,5.45,5.2,8267630
2018-04-13 07:00:00+07:00,5.48,5.28,5.5,5.28,6626840
2018-04-16 07:00:00+07:00,5.7,5.48,5.82,5.38,6149530
2018-04-17 07:00:00+07:00,5.8,5.7,5.88,5.7,5110300
2018-04-18 07:00:00+07:00,5.67,5.79,5.85,5.67,4945260
2018-04-19 07:00:00+07:00,5.49,5.6,5.68,5.41,5089070
2018-04-20 07:00:00+07:00,5.51,5.48,5.65,5.41,1892260
2018-04-23 07:00:00+07:00,5.33,5.55,5.64,5.33,3433530
2018-04-24 07:00:00+07:00,5.4,5.4,5.42,5.3,2800610
2018-04-26 07:00:00+07:00,5.4,5.54,5.69,5.4,3775820
2018-04-27 07:00:00+07:00,5.3,5.4,5.45,5.09,4734660
2018-05-02 07:00:00+07:00,4.93,5.15,5.2,4.93,6793670
2018-05-03 07:00:00+07:00,4.82,4.8,4.98,4.77,3949130
2018-05-04 07:00:00+07:00,5.15,5.15,5.15,5.06,10094560
2018-05-07 07:00:00+07:00,5.2,5.32,5.33,5.0,3335000
2018-05-08 07:00:00+07:00,5.28,5.26,5.4,5.2,2750770
2018-05-09 07:00:00+07:00,5.25,5.26,5.28,5.17,2629740
2018-05-10 07:00:00+07:00,5.1,5.27,5.27,5.1,1965540
2018-05-11 07:00:00+07:00,5.2,5.1,5.2,5.05,2105050
2018-05-14 07:00:00+07:00,5.14,5.2,5.21,5.11,1684430
2018-05-15 07:00:00+07:00,5.16,5.19,5.19,5.11,1858270
2018-05-16 07:00:00+07:00,5.2,5.15,5.24,5.12,2212380
2018-05-17 07:00:00+07:00,5.25,5.22,5.3,5.2,2472810
2018-05-18 07:00:00+07:00,5.26,5.3,5.33,5.25,3172610
2018-05-21 07:00:00+07:00,5.25,5.28,5.29,5.2,1660440
2018-05-22 07:00:00+07:00,5.05,5.2,5.25,4.99,3180810
2018-05-23 07:00:00+07:00,5.0,5.05,5.05,4.93,1845090
2018-05-24 07:00:00+07:00,4.9,5.0,5.09,4.87,1772280
2018-05-25 07:00:00+07:00,4.75,4.9,4.94,4.75,1956510
2018-05-28 07:00:00+07:00,4.42,4.8,4.8,4.42,5025850
2018-05-29 07:00:00+07:00,4.49,4.4,4.67,4.27,3186630
2018-05-30 07:00:00+07:00,4.43,4.45,4.5,4.35,1165540
2018-05-31 07:00:00+07:00,4.46,4.42,4.49,4.4,2427920
2018-06-01 07:00:00+07:00,4.5,4.42,4.58,4.42,1952340
2018-06-04 07:00:00+07:00,4.62,4.48,4.67,4.42,2767540
2018-06-05 07:00:00+07:00,4.73,4.68,4.75,4.63,3107450
2018-06-06 07:00:00+07:00,4.66,4.75,4.8,4.65,2364580
2018-06-07 07:00:00+07:00,4.78,4.7,4.86,4.7,3912270
2018-06-08 07:00:00+07:00,4.79,4.8,4.8,4.72,1467790
2018-06-11 07:00:00+07:00,4.61,4.6,4.7,4.58,3287140
2018-06-12 07:00:00+07:00,4.45,4.59,4.61,4.39,3830410
2018-06-13 07:00:00+07:00,4.49,4.46,4.53,4.45,1389940
2018-06-14 07:00:00+07:00,4.65,4.5,4.79,4.46,14898000
2018-06-15 07:00:00+07:00,4.69,4.72,4.8,4.65,16533880
2018-06-18 07:00:00+07:00,5.01,4.7,5.01,4.7,12370750
2018-06-19 07:00:00+07:00,4.76,4.85,4.88,4.66,7873170
2018-06-20 07:00:00+07:00,4.77,4.82,4.82,4.6,3292660
2018-06-21 07:00:00+07:00,4.77,4.66,4.79,4.61,3302240
2018-06-22 07:00:00+07:00,4.7,4.77,4.77,4.67,2416590
2018-06-25 07:00:00+07:00,4.84,4.75,4.93,4.75,5101510
2018-06-26 07:00:00+07:00,5.07,4.84,5.17,4.79,10610770
2018-06-27 07:00:00+07:00,5.13,5.08,5.33,5.08,7087940
2018-06-28 07:00:00+07:00,5.0,5.13,5.13,4.95,5273980
2018-06-29 07:00:00+07:00,5.21,5.0,5.26,4.95,7548980
2018-07-02 07:00:00+07:00,5.2,5.28,5.28,5.05,5790960
2018-07-03 07:00:00+07:00,5.05,5.19,5.24,5.05,4539010
2018-07-04 07:00:00+07:00,4.88,5.05,5.1,4.72,3555000
2018-07-05 07:00:00+07:00,4.99,4.88,4.99,4.78,6093350
2018-07-06 07:00:00+07:00,5.19,5.0,5.2,4.95,6635350
2018-07-09 07:00:00+07:00,5.0,5.15,5.25,5.0,4422720
2018-07-10 07:00:00+07:00,4.97,5.04,5.1,4.95,3630000
2018-07-11 07:00:00+07:00,4.88,4.96,5.0,4.88,7714060
2018-07-12 07:00:00+07:00,5.0,4.89,5.01,4.88,4090240
2018-07-13 07:00:00+07:00,5.35,5.19,5.35,5.05,17139790
2018-07-16 07:00:00+07:00,5.72,5.5,5.72,5.5,8964990
2018-07-17 07:00:00+07:00,5.93,5.72,6.09,5.72,15743560
2018-07-18 07:00:00+07:00,6.33,5.9,6.34,5.72,18139320
2018-07-19 07:00:00+07:00,6.26,6.4,6.51,6.15,21446520
2018-07-20 07:00:00+07:00,6.19,6.2,6.39,6.1,16026370
2018-07-23 07:00:00+07:00,6.62,6.09,6.62,5.9,23396090
2018-07-24 07:00:00+07:00,7.08,6.75,7.08,6.7,20360820
2018-07-25 07:00:00+07:00,7.12,7.0,7.49,6.85,19471070
2018-07-26 07:00:00+07:00,6.63,7.2,7.22,6.63,19021600
2018-07-27 07:00:00+07:00,7.09,6.6,7.09,6.6,13895070
2018-07-30 07:00:00+07:00,7.58,7.58,7.58,7.42,7081450
2018-07-31 07:00:00+07:00,7.62,7.65,8.09,7.2,23739250
2018-08-01 07:00:00+07:00,7.1,7.79,7.79,7.09,12631610
2018-08-02 07:00:00+07:00,6.9,7.1,7.3,6.64,15524250
2018-08-03 07:00:00+07:00,7.15,7.06,7.31,6.9,12072510
2018-08-06 07:00:00+07:00,7.23,7.5,7.5,7.16,8731250
2018-08-07 07:00:00+07:00,6.82,7.2,7.25,6.82,7197920
2018-08-08 07:00:00+07:00,6.95,6.82,7.01,6.79,5670030
2018-08-09 07:00:00+07:00,7.43,7.43,7.43,7.43,2864590
2018-08-10 07:00:00+07:00,7.53,7.95,7.95,6.96,37972830
2018-08-13 07:00:00+07:00,7.4,7.49,7.58,7.35,5029940
2018-08-14 07:00:00+07:00,7.29,7.45,7.56,7.29,5434950
2018-08-15 07:00:00+07:00,7.0,7.06,7.2,6.97,10771700
2018-08-16 07:00:00+07:00,6.7,6.86,6.95,6.7,7875210
2018-08-17 07:00:00+07:00,6.67,6.84,6.85,6.66,4974400
2018-08-20 07:00:00+07:00,7.12,6.7,7.12,6.55,9295700
2018-08-21 07:00:00+07:00,7.13,7.05,7.21,7.04,6324580
2018-08-22 07:00:00+07:00,7.01,7.13,7.21,7.01,5783920
2018-08-23 07:00:00+07:00,7.0,7.0,7.06,6.89,5624050
2018-08-24 07:00:00+07:00,6.9,6.95,7.05,6.9,3556150
2018-08-27 07:00:00+07:00,6.8,6.91,7.0,6.8,8318820
2018-08-28 07:00:00+07:00,6.9,6.85,6.99,6.8,6571230
2018-08-29 07:00:00+07:00,6.99,6.95,7.08,6.79,7492060
2018-08-30 07:00:00+07:00,6.89,7.0,7.0,6.89,7030960
2018-08-31 07:00:00+07:00,6.79,6.86,6.9,6.72,10002760
2018-09-04 07:00:00+07:00,6.6,6.73,6.91,6.6,7995180
2018-09-05 07:00:00+07:00,6.5,6.6,6.75,6.39,7711330
2018-09-06 07:00:00+07:00,6.09,6.45,6.54,6.09,10330170
2018-09-07 07:00:00+07:00,5.89,5.93,6.01,5.76,9682970
2018-09-10 07:00:00+07:00,5.9,5.86,6.0,5.83,4653370
2018-09-11 07:00:00+07:00,6.31,5.95,6.31,5.9,7389650
2018-09-12 07:00:00+07:00,6.18,6.45,6.49,6.1,6996030
2018-09-13 07:00:00+07:00,6.15,6.12,6.2,6.05,3510600
2018-09-14 07:00:00+07:00,6.11,6.17,6.19,6.04,2887910
2018-09-17 07:00:00+07:00,5.96,6.15,6.15,5.96,4757560
2018-09-18 07:00:00+07:00,5.97,5.96,6.07,5.87,4001940
2018-09-19 07:00:00+07:00,5.98,5.97,6.06,5.97,4035750
2018-09-20 07:00:00+07:00,6.0,6.0,6.03,5.96,3092040
2018-09-21 07:00:00+07:00,6.1,6.04,6.14,6.01,5913230
2018-09-24 07:00:00+07:00,6.1,6.14,6.15,6.09,3440890
2018-09-25 07:00:00+07:00,6.06,6.12,6.12,6.02,4344660
2018-09-26 07:00:00+07:00,6.15,6.06,6.31,6.03,6890940
2018-09-27 07:00:00+07:00,6.16,6.15,6.28,6.15,2752140
2018-09-28 07:00:00+07:00,6.13,6.2,6.23,6.11,3441940
2018-10-01 07:00:00+07:00,6.06,6.17,6.19,6.04,4112790
2018-10-02 07:00:00+07:00,5.99,6.06,6.12,5.98,5229420
2018-10-03 07:00:00+07:00,5.97,6.0,6.04,5.96,2913190
2018-10-04 07:00:00+07:00,5.99,5.99,6.04,5.95,2254610
2018-10-05 07:00:00+07:00,5.9,5.99,6.0,5.9,2518700
2018-10-08 07:00:00+07:00,5.82,5.9,5.93,5.8,3607220
2018-10-09 07:00:00+07:00,5.65,5.85,5.89,5.65,2735200
2018-10-10 07:00:00+07:00,5.6,5.65,5.79,5.6,3491660
2018-10-11 07:00:00+07:00,5.21,5.5,5.6,5.21,9300530
2018-10-12 07:00:00+07:00,5.33,5.15,5.33,5.11,4512890
2018-10-15 07:00:00+07:00,5.21,5.39,5.39,5.21,1851860
2018-10-16 07:00:00+07:00,5.25,5.15,5.28,5.15,1663380
2018-10-17 07:00:00+07:00,5.17,5.3,5.32,5.05,4971490
2018-10-18 07:00:00+07:00,5.1,5.17,5.18,5.08,1551570
2018-10-19 07:00:00+07:00,5.28,5.04,5.35,5.0,5114420
2018-10-22 07:00:00+07:00,5.22,5.28,5.32,5.19,1575930
2018-10-23 07:00:00+07:00,5.05,5.18,5.22,5.02,2489510
2018-10-24 07:00:00+07:00,5.0,5.01,5.09,5.0,3624420
2018-10-25 07:00:00+07:00,4.9,4.71,4.95,4.7,4694400
2018-10-26 07:00:00+07:00,4.75,4.9,5.05,4.75,2573390
2018-10-29 07:00:00+07:00,4.76,4.75,4.8,4.72,2639890
2018-10-30 07:00:00+07:00,4.95,4.78,4.99,4.76,3172980
2018-10-31 07:00:00+07:00,5.08,5.2,5.2,5.08,3359340
2018-11-01 07:00:00+07:00,5.08,5.18,5.18,5.05,2863630
2018-11-02 07:00:00+07:00,5.19,5.09,5.34,5.09,3060550
2018-11-05 07:00:00+07:00,5.2,5.2,5.28,5.14,2491640
2018-11-06 07:00:00+07:00,5.22,5.21,5.27,5.21,2252030
2018-11-07 07:00:00+07:00,5.25,5.23,5.25,5.18,2603320
2018-11-08 07:00:00+07:00,5.46,5.28,5.46,5.28,5303150
2018-11-09 07:00:00+07:00,5.44,5.48,5.65,5.38,4992590
2018-11-12 07:00:00+07:00,5.49,5.4,5.6,5.29,2859970
2018-11-13 07:00:00+07:00,5.4,5.4,5.5,5.35,2696200
2018-11-14 07:00:00+07:00,5.4,5.4,5.5,5.34,2882690
2018-11-15 07:00:00+07:00,5.49,5.41,5.49,5.36,3652880
2018-11-16 07:00:00+07:00,5.59,5.5,5.62,5.43,4789180
2018-11-19 07:00:00+07:00,5.6,5.59,5.6,5.5,2018160
2018-11-20 07:00:00+07:00,5.55,5.51,5.64,5.51,3085180
2018-11-21 07:00:00+07:00,5.55,5.51,5.55,5.45,1954310
2018-11-22 07:00:00+07:00,5.49,5.52,5.55,5.43,1874390
2018-11-23 07:00:00+07:00,5.25,5.5,5.55,5.25,1845400
2018-11-26 07:00:00+07:00,5.25,5.3,5.31,5.25,1328270
2018-11-27 07:00:00+07:00,5.21,5.34,5.34,5.2,1322960
2018-11-28 07:00:00+07:00,5.17,5.21,5.25,5.15,1031260
2018-11-29 07:00:00+07:00,5.05,5.2,5.22,5.05,2800720
2018-11-30 07:00:00+07:00,5.15,5.01,5.15,4.95,3408190
2018-12-03 07:00:00+07:00,5.15,5.18,5.24,5.15,3156890
2018-12-04 07:00:00+07:00,5.25,5.16,5.25,5.13,4295140
2018-12-05 07:00:00+07:00,5.18,5.2,5.23,5.15,1587360
2018-12-06 07:00:00+07:00,5.17,5.18,5.21,5.15,1091900
2018-12-07 07:00:00+07:00,5.2,5.2,5.26,5.16,2190500
2018-12-10 07:00:00+07:00,5.18,5.2,5.25,5.18,1844710
2018-12-11 07:00:00+07:00,5.17,5.21,5.21,5.15,1548840
2018-12-12 07:00:00+07:00,5.19,5.18,5.21,5.15,2683980
2018-12-13 07:00:00+07:00,5.2,5.2,5.23,5.16,2248750
2018-12-14 07:00:00+07:00,5.18,5.18,5.2,5.15,2642710
2018-12-17 07:00:00+07:00,5.1,5.21,5.22,5.1,2016740
2018-12-18 07:00:00+07:00,5.2,5.05,5.2,5.0,3258080
2018-12-19 07:00:00+07:00,5.19,5.2,5.2,5.08,1148090
2018-12-20 07:00:00+07:00,5.09,5.1,5.16,5.08,1075390
2018-12-21 07:00:00+07:00,5.05,5.08,5.1,5.03,1973350
2018-12-24 07:00:00+07:00,5.05,5.1,5.1,4.9,3160320
2018-12-25 07:00:00+07:00,4.88,5.0,5.05,4.87,3258130
2018-12-26 07:00:00+07:00,4.88,4.95,4.97,4.87,1741650
2018-12-27 07:00:00+07:00,4.94,4.96,5.0,4.93,793690
2018-12-28 07:00:00+07:00,4.88,4.93,4.97,4.87,1172670
2019-01-02 07:00:00+07:00,4.78,4.89,4.91,4.78,1741470
2019-01-03 07:00:00+07:00,4.68,4.78,4.8,4.6,2617730
2019-01-04 07:00:00+07:00,4.66,4.61,4.69,4.57,1512050
2019-01-07 07:00:00+07:00,4.66,4.7,4.8,4.66,1098030
2019-01-08 07:00:00+07:00,4.75,4.66,4.75,4.65,1421580
2019-01-09 07:00:00+07:00,4.71,4.72,4.81,4.71,1488490
2019-01-10 07:00:00+07:00,4.86,4.71,4.88,4.68,3041210
2019-01-11 07:00:00+07:00,5.08,5.0,5.16,5.0,4895270
2019-01-14 07:00:00+07:00,5.07,5.14,5.25,5.07,2763840
2019-01-15 07:00:00+07:00,5.07,5.07,5.14,5.05,2004640
2019-01-16 07:00:00+07:00,5.11,5.13,5.13,5.02,2730810
2019-01-17 07:00:00+07:00,5.03,5.1,5.11,5.02,1620310
2019-01-18 07:00:00+07:00,4.99,5.03,5.08,4.99,1414810
2019-01-21 07:00:00+07:00,4.95,5.03,5.03,4.92,1519210
2019-01-22 07:00:00+07:00,4.98,4.97,5.04,4.97,2419110
2019-01-23 07:00:00+07:00,5.0,4.96,5.08,4.96,1648200
2019-01-24 07:00:00+07:00,4.99,5.01,5.03,4.98,1793650
2019-01-25 07:00:00+07:00,5.0,5.0,5.04,4.98,1871660
2019-01-28 07:00:00+07:00,5.0,5.0,5.02,4.98,1002970
2019-01-29 07:00:00+07:00,4.93,5.0,5.02,4.92,1758180
2019-01-30 07:00:00+07:00,5.0,4.97,5.01,4.93,1410060
2019-01-31 07:00:00+07:00,5.0,4.95,5.1,4.95,2181820
2019-02-01 07:00:00+07:00,5.0,5.0,5.02,4.89,1740010
2019-02-11 07:00:00+07:00,4.96,5.0,5.04,4.96,974380
2019-02-12 07:00:00+07:00,5.3,5.0,5.3,4.97,11270510
2019-02-13 07:00:00+07:00,5.32,5.4,5.43,5.3,5219350
2019-02-14 07:00:00+07:00,5.2,5.32,5.34,5.18,4073580
2019-02-15 07:00:00+07:00,5.17,5.2,5.29,5.16,3977720
2019-02-18 07:00:00+07:00,5.44,5.2,5.52,5.18,9236270
2019-02-19 07:00:00+07:00,5.44,5.49,5.66,5.4,10551790
2019-02-20 07:00:00+07:00,5.33,5.41,5.48,5.32,5260250
2019-02-21 07:00:00+07:00,5.41,5.4,5.52,5.35,5103410
2019-02-22 07:00:00+07:00,5.49,5.4,5.62,5.38,5540080
2019-02-25 07:00:00+07:00,5.5,5.59,5.59,5.49,4723320
2019-02-26 07:00:00+07:00,5.66,5.5,5.84,5.5,12856190
2019-02-27 07:00:00+07:00,5.69,5.76,5.79,5.67,3651830
2019-02-28 07:00:00+07:00,5.52,5.7,5.74,5.5,6876750
2019-03-01 07:00:00+07:00,5.65,5.52,5.65,5.52,5420770
2019-03-04 07:00:00+07:00,6.04,5.7,6.04,5.68,13532770
2019-03-05 07:00:00+07:00,6.08,6.11,6.29,6.03,11449820
2019-03-06 07:00:00+07:00,6.15,6.08,6.2,6.0,6984040
2019-03-07 07:00:00+07:00,6.07,6.15,6.16,6.06,5139970
2019-03-08 07:00:00+07:00,5.87,5.96,6.03,5.84,6644810
2019-03-11 07:00:00+07:00,5.76,5.89,5.92,5.72,4311870
2019-03-12 07:00:00+07:00,5.8,5.85,5.9,5.73,4853620
2019-03-13 07:00:00+07:00,5.8,5.84,5.92,5.8,4060990
2019-03-14 07:00:00+07:00,5.84,5.81,6.0,5.76,4409410
2019-03-15 07:00:00+07:00,5.77,5.85,5.85,5.77,3600930
2019-03-18 07:00:00+07:00,5.54,5.76,5.8,5.51,7585550
2019-03-19 07:00:00+07:00,5.55,5.55,5.64,5.54,5454450
2019-03-20 07:00:00+07:00,5.52,5.58,5.6,5.48,2511430
2019-03-21 07:00:00+07:00,5.2,5.55,5.57,5.2,5431970
2019-03-22 07:00:00+07:00,5.25,5.25,5.31,5.21,2769800
2019-03-25 07:00:00+07:00,5.61,5.44,5.61,5.37,3849470
2019-03-26 07:00:00+07:00,5.87,6.0,6.0,5.8,14566060
2019-03-27 07:00:00+07:00,5.61,5.87,5.88,5.61,4924160
2019-03-28 07:00:00+07:00,5.56,5.53,5.73,5.4,4139770
2019-03-29 07:00:00+07:00,5.56,5.53,5.6,5.48,3445680
2019-04-01 07:00:00+07:00,5.46,5.59,5.6,5.44,3446400
2019-04-02 07:00:00+07:00,5.44,5.5,5.53,5.44,2646510
2019-04-03 07:00:00+07:00,5.39,5.4,5.45,5.34,1950240
2019-04-04 07:00:00+07:00,5.42,5.4,5.49,5.39,1830370
2019-04-05 07:00:00+07:00,5.42,5.42,5.5,5.41,1228010
2019-04-08 07:00:00+07:00,5.52,5.42,5.57,5.4,4276600
2019-04-09 07:00:00+07:00,5.41,5.52,5.54,5.39,2223730
2019-04-10 07:00:00+07:00,5.24,5.36,5.4,5.24,4372280
2019-04-11 07:00:00+07:00,5.22,5.23,5.3,5.22,2205910
2019-04-12 07:00:00+07:00,5.27,5.23,5.29,5.22,2194880
2019-04-16 07:00:00+07:00,5.29,5.22,5.43,5.12,4126080
2019-04-17 07:00:00+07:00,5.38,5.45,5.6,5.36,4881710
2019-04-18 07:00:00+07:00,5.3,5.38,5.38,5.24,2384850
2019-04-19 07:00:00+07:00,5.3,5.32,5.32,5.25,1635680
2019-04-22 07:00:00+07:00,5.31,5.25,5.36,5.23,2766280
2019-04-23 07:00:00+07:00,5.3,5.31,5.38,5.3,1803230
2019-04-24 07:00:00+07:00,5.39,5.3,5.42,5.3,4282330
2019-04-25 07:00:00+07:00,5.55,5.44,5.64,5.44,10205530
2019-04-26 07:00:00+07:00,5.47,5.47,5.56,5.42,3487550
2019-05-02 07:00:00+07:00,5.37,5.48,5.49,5.34,2174890
2019-05-03 07:00:00+07:00,5.28,5.33,5.36,5.27,2780070
2019-05-06 07:00:00+07:00,5.17,5.25,5.25,5.14,3879280
2019-05-07 07:00:00+07:00,5.18,5.2,5.23,5.16,1319730
2019-05-08 07:00:00+07:00,5.11,5.16,5.18,5.11,1639660
2019-05-09 07:00:00+07:00,5.06,5.12,5.16,5.06,1400020
2019-05-10 07:00:00+07:00,5.09,5.09,5.18,5.04,1414400
2019-05-13 07:00:00+07:00,5.1,5.06,5.19,5.06,1622690
2019-05-14 07:00:00+07:00,5.09,5.09,5.15,5.09,1344530
2019-05-15 07:00:00+07:00,5.14,5.1,5.16,5.09,1411310
2019-05-16 07:00:00+07:00,5.3,5.16,5.35,5.16,3233620
2019-05-17 07:00:00+07:00,5.2,5.32,5.34,5.2,1462730
2019-05-20 07:00:00+07:00,5.16,5.2,5.2,5.13,2992010
2019-05-21 07:00:00+07:00,5.15,5.18,5.19,5.15,1786210
2019-05-22 07:00:00+07:00,5.16,5.16,5.23,5.15,3276530
2019-05-23 07:00:00+07:00,5.16,5.2,5.24,5.16,1141140
2019-05-24 07:00:00+07:00,5.16,5.17,5.19,5.15,2534630
2019-05-27 07:00:00+07:00,5.16,5.16,5.18,5.13,1533140
2019-05-28 07:00:00+07:00,5.16,5.19,5.21,5.15,1303140
2019-05-29 07:00:00+07:00,5.12,5.15,5.17,5.11,1423870
2019-05-30 07:00:00+07:00,5.1,5.13,5.16,5.1,1546340
2019-05-31 07:00:00+07:00,5.07,5.1,5.1,5.05,1782000
2019-06-03 07:00:00+07:00,5.02,5.07,5.07,5.0,2848130
2019-06-04 07:00:00+07:00,4.9,5.05,5.05,4.9,1965490
2019-06-05 07:00:00+07:00,4.94,4.95,4.98,4.9,1262100
2019-06-06 07:00:00+07:00,4.91,4.94,4.98,4.91,825670
2019-06-07 07:00:00+07:00,4.98,4.94,4.98,4.92,932880
2019-06-10 07:00:00+07:00,5.01,4.99,5.06,4.98,708290
2019-06-11 07:00:00+07:00,4.99,5.03,5.08,4.99,1116780
2019-06-12 07:00:00+07:00,4.95,5.02,5.02,4.94,1064850
2019-06-13 07:00:00+07:00,4.97,4.95,5.04,4.92,1346830
2019-06-14 07:00:00+07:00,4.97,5.0,5.01,4.95,599980
2019-06-17 07:00:00+07:00,5.0,4.97,5.0,4.93,1727650
2019-06-18 07:00:00+07:00,4.97,5.0,5.01,4.95,658680
2019-06-19 07:00:00+07:00,5.15,4.99,5.25,4.99,5740560
2019-06-20 07:00:00+07:00,5.13,5.15,5.21,5.13,1926220
2019-06-21 07:00:00+07:00,5.09,5.14,5.14,5.06,1351710
2019-06-24 07:00:00+07:00,5.11,5.07,5.21,5.07,2328450
2019-06-25 07:00:00+07:00,5.29,5.15,5.36,5.14,6856700
2019-06-26 07:00:00+07:00,5.3,5.29,5.36,5.28,5131610
2019-06-27 07:00:00+07:00,5.24,5.31,5.33,5.21,3381680
2019-06-28 07:00:00+07:00,5.35,5.24,5.39,5.16,3749090
2019-07-01 07:00:00+07:00,5.32,5.42,5.45,5.32,3585990
2019-07-02 07:00:00+07:00,5.33,5.31,5.35,5.3,1537800
2019-07-03 07:00:00+07:00,5.42,5.32,5.44,5.31,4891200
2019-07-04 07:00:00+07:00,5.47,5.45,5.6,5.44,7200830
2019-07-05 07:00:00+07:00,5.43,5.5,5.5,5.43,2082490
2019-07-08 07:00:00+07:00,5.49,5.41,5.58,5.4,6548890
2019-07-09 07:00:00+07:00,5.61,5.55,5.68,5.5,7953600
2019-07-10 07:00:00+07:00,5.62,5.6,5.67,5.53,3303790
2019-07-11 07:00:00+07:00,5.7,5.57,5.75,5.57,5098720
2019-07-12 07:00:00+07:00,5.6,5.7,5.72,5.6,3469570
2019-07-15 07:00:00+07:00,5.4,5.6,5.61,5.4,6157000
2019-07-16 07:00:00+07:00,5.31,5.41,5.49,5.3,5758480
2019-07-17 07:00:00+07:00,5.35,5.31,5.38,5.31,1630460
2019-07-18 07:00:00+07:00,5.38,5.34,5.42,5.33,1713600
2019-07-19 07:00:00+07:00,5.28,5.38,5.4,5.22,3007800
2019-07-22 07:00:00+07:00,5.3,5.26,5.34,5.17,3061780
2019-07-23 07:00:00+07:00,5.26,5.3,5.35,5.26,1619930
2019-07-24 07:00:00+07:00,5.24,5.27,5.31,5.19,1885710
2019-07-25 07:00:00+07:00,5.21,5.24,5.26,5.15,2383910
2019-07-26 07:00:00+07:00,5.14,5.23,5.23,5.12,2015800
2019-07-29 07:00:00+07:00,5.08,5.12,5.15,5.08,1792480
2019-07-30 07:00:00+07:00,5.23,5.08,5.28,5.04,5656120
2019-07-31 07:00:00+07:00,5.08,5.06,5.17,5.06,3574410
2019-08-01 07:00:00+07:00,4.95,5.11,5.11,4.95,4212260
2019-08-02 07:00:00+07:00,4.82,4.9,4.91,4.8,4556640
2019-08-05 07:00:00+07:00,5.05,4.77,5.07,4.66,5303490
2019-08-06 07:00:00+07:00,5.02,4.9,5.15,4.85,2917240
2019-08-07 07:00:00+07:00,5.0,5.07,5.07,4.98,1343330
2019-08-08 07:00:00+07:00,5.01,4.96,5.05,4.96,1484750
2019-08-09 07:00:00+07:00,5.05,5.05,5.06,5.01,1860300
2019-08-12 07:00:00+07:00,5.05,5.09,5.13,5.04,1544270
2019-08-13 07:00:00+07:00,4.98,5.03,5.05,4.98,2208780
2019-08-14 07:00:00+07:00,5.0,5.0,5.09,5.0,1886220
2019-08-15 07:00:00+07:00,4.92,4.95,4.96,4.9,2308710
2019-08-16 07:00:00+07:00,4.9,4.9,4.94,4.9,1770550
2019-08-19 07:00:00+07:00,4.79,4.91,4.95,4.7,3570430
2019-08-20 07:00:00+07:00,4.88,4.84,4.88,4.8,1753180
2019-08-21 07:00:00+07:00,4.88,4.89,4.94,4.87,816140
2019-08-22 07:00:00+07:00,4.88,4.87,4.92,4.87,1166100
2019-08-23 07:00:00+07:00,4.9,4.89,4.9,4.78,2022390
2019-08-26 07:00:00+07:00,4.81,4.85,4.85,4.78,1428130
2019-08-27 07:00:00+07:00,4.81,4.81,4.86,4.8,1306470
2019-08-28 07:00:00+07:00,4.8,4.8,4.84,4.8,1085560
2019-08-29 07:00:00+07:00,4.82,4.81,4.85,4.81,1085840
2019-08-30 07:00:00+07:00,4.86,4.82,4.91,4.82,1344990
2019-09-03 07:00:00+07:00,4.81,4.86,4.86,4.81,1429900
2019-09-04 07:00:00+07:00,4.83,4.81,4.83,4.79,1401970
2019-09-05 07:00:00+07:00,4.81,4.82,4.85,4.81,921550
2019-09-06 07:00:00+07:00,4.77,4.81,4.85,4.77,1424380
2019-09-09 07:00:00+07:00,4.79,4.78,4.84,4.78,962570
2019-09-10 07:00:00+07:00,4.77,4.8,4.87,4.77,1702760
2019-09-11 07:00:00+07:00,4.76,4.79,4.85,4.76,760730
2019-09-12 07:00:00+07:00,4.79,4.8,4.8,4.71,1215650
2019-09-13 07:00:00+07:00,4.7,4.78,4.79,4.7,1124360
2019-09-16 07:00:00+07:00,4.6,4.7,4.7,4.59,2718170
2019-09-17 07:00:00+07:00,4.49,4.6,4.6,4.49,3488990
2019-09-18 07:00:00+07:00,4.54,4.51,4.6,4.5,1311400
2019-09-19 07:00:00+07:00,4.52,4.55,4.57,4.5,866410
2019-09-20 07:00:00+07:00,4.46,4.53,4.53,4.46,2007120
2019-09-23 07:00:00+07:00,4.47,4.46,4.53,4.46,884700
2019-09-24 07:00:00+07:00,4.56,4.47,4.69,4.47,2214960
2019-09-25 07:00:00+07:00,4.5,4.58,4.6,4.5,929130
2019-09-26 07:00:00+07:00,4.53,4.54,4.56,4.48,620620
2019-09-27 07:00:00+07:00,4.5,4.5,4.55,4.5,947320
2019-09-30 07:00:00+07:00,4.49,4.51,4.53,4.48,1436930
2019-10-01 07:00:00+07:00,4.55,4.5,4.55,4.48,1122170
2019-10-02 07:00:00+07:00,4.62,4.61,4.76,4.61,3437160
2019-10-03 07:00:00+07:00,4.64,4.62,4.7,4.58,1001850
2019-10-04 07:00:00+07:00,4.57,4.64,4.64,4.55,987530
2019-10-07 07:00:00+07:00,4.5,4.52,4.55,4.49,1123670
2019-10-08 07:00:00+07:00,4.48,4.5,4.51,4.47,1058920
2019-10-09 07:00:00+07:00,4.48,4.48,4.49,4.45,1289540
2019-10-10 07:00:00+07:00,4.46,4.48,4.49,4.45,1163330
2019-10-11 07:00:00+07:00,4.46,4.48,4.48,4.45,735080
2019-10-14 07:00:00+07:00,4.39,4.46,4.46,4.39,2791530
2019-10-15 07:00:00+07:00,4.3,4.4,4.43,4.3,2794610
2019-10-16 07:00:00+07:00,4.16,4.3,4.3,4.16,3376000
2019-10-17 07:00:00+07:00,4.29,4.14,4.35,4.14,1903080
2019-10-18 07:00:00+07:00,4.34,4.29,4.41,4.29,1698600
2019-10-21 07:00:00+07:00,4.28,4.34,4.34,4.28,948960
2019-10-22 07:00:00+07:00,4.46,4.28,4.54,4.28,2157920
2019-10-23 07:00:00+07:00,4.37,4.5,4.5,4.37,870290
2019-10-24 07:00:00+07:00,4.43,4.44,4.44,4.38,761670
2019-10-25 07:00:00+07:00,4.36,4.43,4.43,4.36,1348870
2019-10-28 07:00:00+07:00,4.36,4.37,4.43,4.33,1488230
2019-10-29 07:00:00+07:00,4.3,4.34,4.4,4.29,1909100
2019-10-30 07:00:00+07:00,4.29,4.3,4.32,4.26,1027710
2019-10-31 07:00:00+07:00,4.22,4.28,4.29,4.22,1241440
2019-11-01 07:00:00+07:00,4.23,4.24,4.28,4.22,885330
2019-11-04 07:00:00+07:00,4.29,4.23,4.33,4.22,1534530
2019-11-05 07:00:00+07:00,4.24,4.3,4.31,4.24,824790
2019-11-06 07:00:00+07:00,4.15,4.1,4.19,4.1,2995670
2019-11-07 07:00:00+07:00,4.15,4.16,4.21,4.14,1006440
2019-11-08 07:00:00+07:00,4.18,4.15,4.19,4.13,838670
2019-11-11 07:00:00+07:00,4.17,4.18,4.18,4.14,688690
2019-11-12 07:00:00+07:00,4.14,4.15,4.18,4.14,938610
2019-11-13 07:00:00+07:00,4.07,4.14,4.16,4.05,1621460
2019-11-14 07:00:00+07:00,4.08,4.07,4.1,4.06,1404790
2019-11-15 07:00:00+07:00,4.01,4.1,4.12,4.01,1492730
2019-11-18 07:00:00+07:00,3.98,4.04,4.05,3.98,1307420
2019-11-19 07:00:00+07:00,4.1,3.99,4.16,3.99,1905920
2019-11-20 07:00:00+07:00,4.05,4.11,4.12,4.03,808980
2019-11-21 07:00:00+07:00,4.05,4.05,4.05,4.01,538880
2019-11-22 07:00:00+07:00,4.0,4.01,4.04,3.98,1545340
2019-11-25 07:00:00+07:00,3.9,3.99,4.0,3.9,2051520
2019-11-26 07:00:00+07:00,3.91,3.9,3.99,3.88,821330
2019-11-27 07:00:00+07:00,3.96,3.91,3.96,3.91,520160
2019-11-28 07:00:00+07:00,3.94,3.96,3.98,3.94,618980
2019-11-29 07:00:00+07:00,3.85,3.94,3.97,3.85,1545010
2019-12-02 07:00:00+07:00,3.63,3.89,3.89,3.62,3852370
2019-12-03 07:00:00+07:00,3.61,3.65,3.66,3.61,1481270
2019-12-04 07:00:00+07:00,3.63,3.63,3.64,3.59,965620
2019-12-05 07:00:00+07:00,3.7,3.65,3.7,3.65,596090
2019-12-06 07:00:00+07:00,3.72,3.7,3.75,3.7,720930
2019-12-09 07:00:00+07:00,3.86,3.76,3.91,3.72,1546460
2019-12-10 07:00:00+07:00,3.9,3.86,3.96,3.86,1573110
2019-12-11 07:00:00+07:00,4.04,3.91,4.04,3.91,2693690
2019-12-12 07:00:00+07:00,3.97,4.06,4.06,3.95,1065680
2019-12-13 07:00:00+07:00,3.95,3.97,4.04,3.9,1615880
2019-12-16 07:00:00+07:00,3.96,3.99,4.0,3.88,2119520
2019-12-17 07:00:00+07:00,4.03,3.96,4.1,3.95,2837480
2019-12-18 07:00:00+07:00,4.04,4.08,4.1,3.99,1106450
2019-12-19 07:00:00+07:00,3.95,4.04,4.02,3.91,649460
2019-12-20 07:00:00+07:00,3.96,3.93,3.97,3.9,1218120
2019-12-23 07:00:00+07:00,4.0,3.96,4.03,3.93,1684080
2019-12-24 07:00:00+07:00,4.01,4.0,4.01,3.95,1314270
2019-12-25 07:00:00+07:00,3.96,4.01,4.01,3.96,938470
2019-12-26 07:00:00+07:00,4.08,3.95,4.18,3.95,3835310
2019-12-27 07:00:00+07:00,4.05,4.08,4.17,4.01,1162190
2019-12-30 07:00:00+07:00,4.02,4.08,4.08,3.98,1301090
2019-12-31 07:00:00+07:00,3.98,4.01,4.01,3.9,1628300
2020-01-02 07:00:00+07:00,4.05,3.96,4.05,3.96,1101390
2020-01-03 07:00:00+07:00,4.15,4.07,4.19,4.05,3756690
2020-01-06 07:00:00+07:00,4.09,4.15,4.15,4.03,1454140
2020-01-07 07:00:00+07:00,4.11,4.02,4.11,4.02,1432510
2020-01-08 07:00:00+07:00,3.91,4.06,4.08,3.91,2566730
2020-01-09 07:00:00+07:00,4.1,3.99,4.1,3.96,1322450
2020-01-10 07:00:00+07:00,4.08,4.1,4.11,4.03,1009540
2020-01-13 07:00:00+07:00,4.0,4.1,4.1,3.98,1173520
2020-01-14 07:00:00+07:00,3.94,4.01,4.03,3.93,1222410
2020-01-15 07:00:00+07:00,3.9,3.94,3.99,3.9,1207280
2020-01-16 07:00:00+07:00,3.84,3.93,3.95,3.78,1950740
2020-01-17 07:00:00+07:00,3.88,3.85,3.91,3.84,852640
2020-01-20 07:00:00+07:00,3.86,3.84,3.88,3.84,470690
2020-01-21 07:00:00+07:00,3.92,3.86,3.99,3.86,800990
2020-01-22 07:00:00+07:00,3.98,4.02,4.02,3.95,1111180
2020-01-30 07:00:00+07:00,3.9,3.99,3.99,3.87,2008040
2020-01-31 07:00:00+07:00,3.64,3.86,3.86,3.64,3002000
2020-02-03 07:00:00+07:00,3.39,3.39,3.56,3.39,4432890
2020-02-04 07:00:00+07:00,3.27,3.4,3.41,3.2,2530200
2020-02-05 07:00:00+07:00,3.3,3.17,3.4,3.17,1285410
2020-02-06 07:00:00+07:00,3.53,3.3,3.53,3.3,3102020
2020-02-07 07:00:00+07:00,3.55,3.59,3.65,3.53,1286950
2020-02-10 07:00:00+07:00,3.44,3.5,3.55,3.43,791000
2020-02-11 07:00:00+07:00,3.45,3.43,3.47,3.43,781430
2020-02-12 07:00:00+07:00,3.58,3.5,3.61,3.46,1518950
2020-02-13 07:00:00+07:00,3.5,3.57,3.58,3.49,1299930
2020-02-14 07:00:00+07:00,3.49,3.5,3.54,3.47,915700
2020-02-17 07:00:00+07:00,3.48,3.5,3.51,3.47,853280
2020-02-18 07:00:00+07:00,3.5,3.49,3.5,3.47,979480
2020-02-19 07:00:00+07:00,3.51,3.5,3.55,3.5,1022830
2020-02-20 07:00:00+07:00,3.49,3.52,3.55,3.49,1080760
2020-02-21 07:00:00+07:00,3.44,3.49,3.5,3.42,1359550
2020-02-24 07:00:00+07:00,3.2,3.4,3.4,3.2,4276830
2020-02-25 07:00:00+07:00,3.35,3.15,3.35,3.12,2673010
2020-02-26 07:00:00+07:00,3.26,3.3,3.3,3.25,1070130
2020-02-27 07:00:00+07:00,3.33,3.23,3.4,3.23,1519970
2020-02-28 07:00:00+07:00,3.27,3.27,3.31,3.23,1885160
2020-03-02 07:00:00+07:00,3.27,3.26,3.3,3.26,1185440
2020-03-03 07:00:00+07:00,3.31,3.3,3.35,3.3,1644240
2020-03-04 07:00:00+07:00,3.52,3.33,3.54,3.29,6200000
2020-03-05 07:00:00+07:00,3.48,3.54,3.6,3.47,2057860
2020-03-06 07:00:00+07:00,3.49,3.42,3.5,3.42,1275010
2020-03-09 07:00:00+07:00,3.25,3.25,3.45,3.25,3462110
2020-03-10 07:00:00+07:00,3.26,3.1,3.35,3.1,2074180
2020-03-11 07:00:00+07:00,3.18,3.37,3.37,3.15,3343620
2020-03-12 07:00:00+07:00,3.1,3.11,3.13,2.97,6904540
2020-03-13 07:00:00+07:00,3.09,3.01,3.1,2.98,6240590
2020-03-16 07:00:00+07:00,3.03,3.09,3.1,3.0,1558100
2020-03-17 07:00:00+07:00,3.02,3.0,3.03,2.98,2535800
2020-03-18 07:00:00+07:00,3.03,3.08,3.12,3.03,2425580
2020-03-19 07:00:00+07:00,2.98,3.03,3.03,2.91,2820690
2020-03-20 07:00:00+07:00,2.94,2.93,2.99,2.93,883780
2020-03-23 07:00:00+07:00,2.74,2.88,2.9,2.74,5117500
2020-03-24 07:00:00+07:00,2.72,2.74,2.74,2.6,2849490
2020-03-25 07:00:00+07:00,2.71,2.75,2.78,2.69,2012740
2020-03-26 07:00:00+07:00,2.68,2.73,2.78,2.66,2127350
2020-03-27 07:00:00+07:00,2.66,2.68,2.7,2.6,4166160
